{
    "profile": "boxed",
    "site_name": "",
    "site_slogan": "",
    "footer_copyright": "Copyright \u00a9 2008 - 2015 <a href=\"http:\/\/www.zootemplate.com\/\" title=\"joomla templates\">Joomla Templates<\/a> by ZooTemplate.Com. All rights reserved.                                                                                                                                                                                                                                                                                                                                                                                                            ",
    "standard_logo": "images\/zo2_logo_64x64.png",
    "retina_logo": "images\/zo2_logo_64x64.png",
    "footer_gototop": "1",
    "footer_logo": "1",
    "body_font": {
        "type": "none",
        "family": {
            "standard": "Arial",
            "googlefonts": "",
            "fontdeck": ""
        },
        "size": "14",
        "font_line_height": "30"
    },
    "menu_font": {
        "type": "none",
        "family": {
            "standard": "Arial",
            "googlefonts": "",
            "fontdeck": ""
        },
        "size": "14",
        "font_line_height": "30"
    },
    "h1_font": {
        "type": "none",
        "family": {
            "standard": "Arial",
            "googlefonts": "",
            "fontdeck": ""
        },
        "size": "14",
        "font_line_height": "30"
    },
    "h2_font": {
        "type": "none",
        "family": {
            "standard": "Arial",
            "googlefonts": "",
            "fontdeck": ""
        },
        "size": "14",
        "font_line_height": "30"
    },
    "h3_font": {
        "type": "none",
        "family": {
            "standard": "Arial",
            "googlefonts": "",
            "fontdeck": ""
        },
        "size": "14",
        "font_line_height": "30"
    },
    "h4_font": {
        "type": "none",
        "family": {
            "standard": "Arial",
            "googlefonts": "",
            "fontdeck": ""
        },
        "size": "14",
        "font_line_height": "30"
    },
    "h5_font": {
        "type": "none",
        "family": {
            "standard": "Arial",
            "googlefonts": "",
            "fontdeck": ""
        },
        "size": "14",
        "font_line_height": "30"
    },
    "h6_font": {
        "type": "none",
        "family": {
            "standard": "Arial",
            "googlefonts": "",
            "fontdeck": ""
        },
        "size": "14",
        "font_line_height": "30"
    },
    "layout": [
        {
            "type": "row",
            "name": "Top",
            "customClass": "",
            "id": "zo2-header-top",
            "fullwidth": false,
            "visibility": {
                "xs": true,
                "sm": true,
                "md": true,
                "lg": true
            },
            "children": [
                {
                    "jdoc": "modules",
                    "type": "col",
                    "name": "position-4",
                    "position": "position-4",
                    "span": 4,
                    "offset": 0,
                    "customClass": "col-sm-4",
                    "style": "none",
                    "id": "top-search",
                    "visibility": {
                        "xs": true,
                        "sm": true,
                        "md": true,
                        "lg": true
                    },
                    "children": []
                },
                {
                    "jdoc": "modules",
                    "type": "col",
                    "name": "position-1",
                    "position": "position-1",
                    "span": 5,
                    "offset": 0,
                    "customClass": "col-sm-4",
                    "style": "none",
                    "id": "",
                    "visibility": {
                        "xs": true,
                        "sm": true,
                        "md": true,
                        "lg": true
                    },
                    "children": []
                },
                {
                    "jdoc": "modules",
                    "type": "col",
                    "name": "position-0",
                    "position": "position-0",
                    "span": 3,
                    "offset": 0,
                    "customClass": "col-sm-4",
                    "style": "zo2_menu",
                    "id": "top-menu",
                    "visibility": {
                        "xs": true,
                        "sm": true,
                        "md": true,
                        "lg": true
                    },
                    "children": []
                }
            ]
        },
        {
            "type": "row",
            "name": "Header",
            "customClass": "zo2-sticky",
            "id": "zo2-header",
            "fullwidth": false,
            "visibility": {
                "xs": true,
                "sm": true,
                "md": true,
                "lg": true
            },
            "children": [
                {
                    "jdoc": "canvasmenu",
                    "type": "col",
                    "name": "canvas-menu",
                    "position": "canvas-menu",
                    "span": 1,
                    "offset": 0,
                    "customClass": "col-xs-1",
                    "style": "",
                    "id": "",
                    "visibility": {
                        "xs": true,
                        "sm": true,
                        "md": true,
                        "lg": true
                    },
                    "children": []
                },
                {
                    "jdoc": "modules",
                    "type": "col",
                    "name": "header-logo",
                    "position": "header-logo",
                    "span": 3,
                    "offset": 0,
                    "customClass": "col-sm-3 col-xs-10 mobile-logo",
                    "style": "none",
                    "id": "",
                    "visibility": {
                        "xs": true,
                        "sm": true,
                        "md": true,
                        "lg": true
                    },
                    "children": []
                },
                {
                    "jdoc": "megamenu",
                    "type": "col",
                    "name": "mega-menu",
                    "position": "mega-menu",
                    "span": 8,
                    "offset": 0,
                    "customClass": "col-sm-9 col-xs-2 mobile-menu",
                    "style": "none",
                    "id": "",
                    "visibility": {
                        "xs": true,
                        "sm": true,
                        "md": true,
                        "lg": true
                    },
                    "children": []
                }
            ]
        },
        {
            "type": "row",
            "name": "Banner",
            "customClass": "full-width",
            "id": "",
            "fullwidth": false,
            "visibility": {
                "xs": true,
                "sm": true,
                "md": true,
                "lg": true
            },
            "children": [
                {
                    "jdoc": "modules",
                    "type": "col",
                    "name": "slide",
                    "position": "slide",
                    "span": 12,
                    "offset": 0,
                    "customClass": "full-width",
                    "style": "none",
                    "id": "",
                    "visibility": {
                        "xs": true,
                        "sm": true,
                        "md": true,
                        "lg": true
                    },
                    "children": []
                }
            ]
        },
        {
            "type": "row",
            "name": " Feature ",
            "customClass": "",
            "id": "zo2-hello",
            "fullwidth": false,
            "visibility": {
                "xs": true,
                "sm": true,
                "md": true,
                "lg": true
            },
            "children": [
                {
                    "jdoc": "modules",
                    "type": "col",
                    "name": "feature",
                    "position": "feature",
                    "span": 12,
                    "offset": 0,
                    "customClass": "",
                    "style": "zo2_xhtml",
                    "id": "",
                    "visibility": {
                        "xs": true,
                        "sm": true,
                        "md": true,
                        "lg": true
                    },
                    "children": []
                }
            ]
        },
        {
            "type": "row",
            "name": "zo2-message",
            "customClass": "",
            "id": "zo2-message",
            "fullwidth": false,
            "visibility": {
                "xs": true,
                "sm": true,
                "md": true,
                "lg": true
            },
            "children": [
                {
                    "jdoc": "messsge",
                    "type": "col",
                    "name": "message",
                    "position": "message",
                    "span": 12,
                    "offset": 0,
                    "customClass": "",
                    "style": "none",
                    "id": "",
                    "visibility": {
                        "xs": true,
                        "sm": true,
                        "md": true,
                        "lg": true
                    },
                    "children": []
                }
            ]
        },
        {
            "type": "row",
            "name": "Body",
            "customClass": "",
            "id": "zo2-mainframe",
            "fullwidth": false,
            "visibility": {
                "xs": true,
                "sm": true,
                "md": true,
                "lg": true
            },
            "children": [
                {
                    "jdoc": "modules",
                    "type": "col",
                    "name": "position-7",
                    "position": "position-7",
                    "span": 3,
                    "offset": 0,
                    "customClass": "",
                    "style": "zo2_xhtml",
                    "id": "",
                    "visibility": {
                        "xs": true,
                        "sm": true,
                        "md": true,
                        "lg": true
                    },
                    "children": []
                },
                {
                    "jdoc": "component",
                    "type": "col",
                    "name": "component",
                    "position": "component",
                    "span": 7,
                    "offset": 0,
                    "customClass": "",
                    "style": "none",
                    "id": "zo2-component",
                    "visibility": {
                        "xs": true,
                        "sm": true,
                        "md": true,
                        "lg": true
                    },
                    "children": []
                },
                {
                    "jdoc": "modules",
                    "type": "col",
                    "name": "position-8",
                    "position": "position-8",
                    "span": 2,
                    "offset": 0,
                    "customClass": "",
                    "style": "zo2_xhtml",
                    "id": "",
                    "visibility": {
                        "xs": true,
                        "sm": true,
                        "md": true,
                        "lg": true
                    },
                    "children": []
                }
            ]
        },
        {
            "type": "row",
            "name": "News",
            "customClass": "",
            "id": "news",
            "fullwidth": false,
            "visibility": {
                "xs": true,
                "sm": true,
                "md": true,
                "lg": true
            },
            "children": [
                {
                    "jdoc": "modules",
                    "type": "col",
                    "name": "news",
                    "position": "news",
                    "span": 12,
                    "offset": 0,
                    "customClass": "",
                    "style": "zo2_xhtml",
                    "id": "",
                    "visibility": {
                        "xs": true,
                        "sm": true,
                        "md": true,
                        "lg": true
                    },
                    "children": []
                }
            ]
        },
        {
            "type": "row",
            "name": "Bottom 1",
            "customClass": "",
            "id": "zo2-bottom1",
            "fullwidth": false,
            "visibility": {
                "xs": true,
                "sm": true,
                "md": true,
                "lg": true
            },
            "children": [
                {
                    "jdoc": "modules",
                    "type": "col",
                    "name": "position-2",
                    "position": "position-2",
                    "span": 12,
                    "offset": 0,
                    "customClass": "",
                    "style": "none",
                    "id": "",
                    "visibility": {
                        "xs": true,
                        "sm": true,
                        "md": true,
                        "lg": true
                    },
                    "children": []
                }
            ]
        },
        {
            "type": "row",
            "name": "Bottom 2",
            "customClass": "",
            "id": "zo2-bottom2",
            "fullwidth": false,
            "visibility": {
                "xs": true,
                "sm": true,
                "md": true,
                "lg": true
            },
            "children": [
                {
                    "jdoc": "modules",
                    "type": "col",
                    "name": "position-9",
                    "position": "position-9",
                    "span": 4,
                    "offset": 0,
                    "customClass": "col-sm-4",
                    "style": "zo2_xhtml",
                    "id": "",
                    "visibility": {
                        "xs": true,
                        "sm": true,
                        "md": true,
                        "lg": true
                    },
                    "children": []
                },
                {
                    "jdoc": "modules",
                    "type": "col",
                    "name": "position-10",
                    "position": "position-10",
                    "span": 4,
                    "offset": 0,
                    "customClass": "col-sm-4",
                    "style": "zo2_xhtml",
                    "id": "",
                    "visibility": {
                        "xs": true,
                        "sm": true,
                        "md": true,
                        "lg": true
                    },
                    "children": []
                },
                {
                    "jdoc": "modules",
                    "type": "col",
                    "name": "position-11",
                    "position": "position-11",
                    "span": 4,
                    "offset": 0,
                    "customClass": "col-sm-4",
                    "style": "zo2_xhtml",
                    "id": "",
                    "visibility": {
                        "xs": true,
                        "sm": true,
                        "md": true,
                        "lg": true
                    },
                    "children": []
                }
            ]
        },
        {
            "type": "row",
            "name": "Footer",
            "customClass": "",
            "id": "zo2-footer",
            "fullwidth": false,
            "visibility": {
                "xs": true,
                "sm": true,
                "md": true,
                "lg": true
            },
            "children": [
                {
                    "jdoc": "modules",
                    "type": "col",
                    "name": "footer-copyright",
                    "position": "footer-copyright",
                    "span": 12,
                    "offset": 0,
                    "customClass": "",
                    "style": "",
                    "id": "",
                    "visibility": {
                        "xs": true,
                        "sm": true,
                        "md": true,
                        "lg": true
                    },
                    "children": []
                }
            ]
        }
    ],
    "theme": {
        "name": "green",
        "css": "green",
        "less": "green",
        "boxed": "1",
        "background": "#ffffff",
        "header": "",
        "header_top": "",
        "text": "",
        "link": "#7FBE54",
        "link_hover": "#449d44",
        "bottom1": "",
        "bottom2": "",
        "footer": "",
        "bg_image": "",
        "bg_pattern": "templates\/zo2_hallo\/assets\/zo2\/images\/background-patterns\/tweed_@2X.png"
    },
    "menu_hover_type": "hover",
    "menu_animation": "slide",
    "menu_duration": "300",
    "menu_type": "mainmenu",
    "menu_config": {
        "mainmenu": {
            "item-435": {
                "submenu": {
                    "rows": [
                        [
                            {
                                "item": 547,
                                "width": 12
                            }
                        ]
                    ]
                }
            },
            "item-491": {
                "submenu": {
                    "rows": [
                        [
                            {
                                "item": 492,
                                "width": 3
                            },
                            {
                                "item": 496,
                                "width": 3
                            },
                            {
                                "item": 563,
                                "width": 3
                            },
                            {
                                "item": 567,
                                "width": 3
                            }
                        ]
                    ]
                },
                "alignsub": "justify"
            },
            "item-571": {
                "submenu": {
                    "rows": [
                        [
                            {
                                "item": 572,
                                "width": 3
                            },
                            {
                                "item": 577,
                                "width": 3
                            },
                            {
                                "item": 582,
                                "width": 3
                            },
                            {
                                "item": 585,
                                "width": 3
                            }
                        ]
                    ]
                },
                "alignsub": "justify"
            }
        }
    },
    "enable_rtl": "0",
    "non_responsive_layout": "0",
    "enable_style_switcher": "0",
    "enable_sticky_menu": "0",
    "tracking_code": "                                                                                                                                                                                                                                                                                                                                                                                                                                                                                    ",
    "combine_css": "0",
    "combine_js": "0",
    "development_mode": "1",
    "template": "zo2_hallo",
    "name": "boxed"
}